<?xml version="1.0" encoding="utf-8"?>
<ShellLauncherConfiguration xmlns="http://schemas.microsoft.com/ShellLauncher/2018/Configuration"
xmlns:v2="http://schemas.microsoft.com/ShellLauncher/2019/Configuration">
    <Profiles>
        <DefaultProfile>
            <Shell Shell="%systemroot%\explorer.exe">
                <DefaultAction Action="RestartShell"/>
            </Shell>
        </DefaultProfile>
        <Profile Id="{814B6409-8C51-4EE2-95F8-DB39B70F5F68}">
            <Shell Shell="C:\Program Files (x86)\Workspace ONE Onboarding App\WorkspaceOneOnboardingApp.exe" v2:AllAppsFullScreen="false">
                <DefaultAction Action="RestartShell"/>
            </Shell>
        </Profile>
    </Profiles>
    <Configs>
        <Config>
            <Account Sid="S-1-5-32-544"/>
            <Profile Id="{814B6409-8C51-4EE2-95F8-DB39B70F5F68}"/>
        </Config>
    </Configs>
</ShellLauncherConfiguration>